{
  "stage": "stage9c_1000_sample_full_evaluation",
  "completed": true,
  "failed_stage": null,
  "runtime_seconds": 2050.0,
  "runtime_minutes": 34.166666666666664,
  "runtime_per_sample_seconds": 2.05,
  "max_samples": 1000,
  "stage1_generated": 1000,
  "stage1_failed": 0,
  "stage8d_regions": 33895,
  "stage8d_valid_regions": 33438,
  "iou": 0.8928331973424926,
  "dice": 0.9398208447718827,
  "bit_accuracy": 0.99971875,
  "payload_recovery_accuracy": 0.989,
  "capsule_recovery_accuracy": 0.9996499999999999,
  "auth_success": 0.989,
  "payload_failed_count": 11,
  "auth_failed_count": 11,
  "capsule_failed_count": 8,
  "bit_failed_count": 11,
  "failed_sample_ids": [
    "0070",
    "0106",
    "0116",
    "0327",
    "0499",
    "0517",
    "0650",
    "0673",
    "0681",
    "0741",
    "0759"
  ],
  "stage8e_unknown_before": 0.568431922112406,
  "stage8e_unknown_after": 0.3077445050892462,
  "stage8e_unknown_reduction_abs": 0.2606874170231598,
  "stage8e_unknown_reduction_relative": 0.45860798256085533,
  "stage8e_change_type_distribution_after": {
    "color_change": 14919,
    "unknown": 10431,
    "texture_change": 7470,
    "structure_change": 1075
  },
  "stage8f_best_strategy": "F3_merge_nearby_fragments",
  "f3_reports": 5783,
  "f3_reports_per_image": 5.783,
  "f3_unknown_rate": 0.1364343766211309,
  "f3_gt_coverage_retained": 0.96451697277382,
  "f3_predicted_area_retained": 1.0,
  "f3_no_report_images": 0,
  "f4_top3": {
    "strategy": "F4_main_region_top3",
    "total_images": 1000,
    "total_raw_regions": 33895,
    "total_filtered_regions": 2984,
    "report_reduction_ratio": 0.9119634164331022,
    "unknown_rate_before": 0.22320104875777674,
    "unknown_rate_after": 0.06836461126005362,
    "unknown_reduction_absolute": 0.15483643749772313,
    "unknown_reduction_relative": 0.6937083779823787,
    "mean_pred_area_retained": 0.993700261170097,
    "mean_gt_tamper_area_coverage": 0.9625720194570365,
    "mean_aggregated_iou": 0.8935206493047809,
    "mean_aggregated_dice": 0.9400118910141056,
    "no_report_images": 0,
    "valid_report_coverage_rate": 1.0,
    "mean_reports_per_image": 2.984,
    "severity_distribution_stability": 0.7541336950929123,
    "change_type_distribution_stability": 0.602230937523111,
    "meets_success_criteria": false,
    "anti_cheating_flag": false,
    "recommended_by_tradeoff": false,
    "selection_score": 0.9575490310716067,
    "is_best": false
  },
  "f4_top5": {
    "strategy": "F4_main_region_top5",
    "total_images": 1000,
    "total_raw_regions": 33895,
    "total_filtered_regions": 4925,
    "report_reduction_ratio": 0.854698333087476,
    "unknown_rate_before": 0.22320104875777674,
    "unknown_rate_after": 0.09380710659898477,
    "unknown_reduction_absolute": 0.12939394215879196,
    "unknown_reduction_relative": 0.5797192391296219,
    "mean_pred_area_retained": 0.9960932349047437,
    "mean_gt_tamper_area_coverage": 0.9635214078852216,
    "mean_aggregated_iou": 0.8935169966744368,
    "mean_aggregated_dice": 0.9400890938105771,
    "no_report_images": 0,
    "valid_report_coverage_rate": 1.0,
    "mean_reports_per_image": 4.925,
    "severity_distribution_stability": 0.7944931757749933,
    "change_type_distribution_stability": 0.6741025097662758,
    "meets_success_criteria": true,
    "anti_cheating_flag": false,
    "recommended_by_tradeoff": false,
    "selection_score": 0.9498566702916332,
    "is_best": false
  },
  "success_criteria": {
    "completed_true": true,
    "failed_zero_or_rare": true,
    "f3_unknown_lt_0p18": true,
    "f3_reports_per_image_around_5_to_7": true,
    "predicted_area_retained_gt_0p95": true,
    "gt_coverage_retained_gt_0p90": true,
    "no_report_images_near_zero": true,
    "payload_recovery_gt_0p95": true,
    "auth_success_gt_0p95": true,
    "capsule_recovery_gt_0p99": true
  },
  "constraints": {
    "training": false,
    "stable_diffusion": false,
    "sam_clip_dino_omniguard": false,
    "third_watermark_channel": false,
    "robust_payload_bits": 64,
    "requires_allow_large_run_above_50_samples": true
  },
  "all_success_criteria_passed": true
}