bucket,total_regions,unknown_regions,unknown_rate
large,1057,14,0.013245033112582781
medium,237,35,0.14767932489451477
small,435,83,0.19080459770114944
tiny,4204,1241,0.2951950523311132
