attack_type,sample_count,iou,dice,payload_recovery,auth_success,bit_accuracy,capsule_recovery,f3_unknown_rate,f3_reports_per_image,gt_coverage_retained,predicted_area_retained,no_report_images
object_removal,50,0.9575266869938365,0.9773415705905901,1.0,1.0,1.0,1.0,0.28465079365079365,5.64,0.9967278644155313,1.0,0
inpainting,50,0.9515284251543845,0.9741542751978964,0.98,0.98,0.999375,1.0,0.23198312798312798,6.18,0.9964096152224664,1.0,0
local_replacement,50,0.9576844562906193,0.9774339397230666,1.0,1.0,1.0,1.0,0.25384077034077035,5.58,0.9967124349465699,1.0,0
local_style_edit,50,0.9518075815993795,0.9743366780198494,0.98,0.98,0.9996875,1.0,0.24266161616161613,6.16,0.9964353425295139,1.0,0
