{
  "payload_failed_count": 16,
  "auth_failed_count": 16,
  "payload_failed_sample_ids": [
    "object_removal_011_0183",
    "object_removal_018_0151",
    "object_removal_036_0249",
    "object_removal_081_0223",
    "object_removal_115_0730",
    "inpainting_011_0183",
    "local_replacement_011_0183",
    "local_replacement_018_0151",
    "local_replacement_019_0895",
    "local_replacement_075_0765",
    "local_replacement_096_0586",
    "local_replacement_122_0942",
    "local_style_edit_011_0183",
    "local_style_edit_028_0434",
    "local_style_edit_036_0249",
    "local_style_edit_222_0774"
  ],
  "auth_failed_sample_ids": [
    "object_removal_011_0183",
    "object_removal_018_0151",
    "object_removal_036_0249",
    "object_removal_081_0223",
    "object_removal_115_0730",
    "inpainting_011_0183",
    "local_replacement_011_0183",
    "local_replacement_018_0151",
    "local_replacement_019_0895",
    "local_replacement_075_0765",
    "local_replacement_096_0586",
    "local_replacement_122_0942",
    "local_style_edit_011_0183",
    "local_style_edit_028_0434",
    "local_style_edit_036_0249",
    "local_style_edit_222_0774"
  ],
  "by_attack_type": [
    {
      "attack_type": "object_removal",
      "sample_count": 250,
      "iou": 0.9582643886524301,
      "dice": 0.9782132696514875,
      "payload_recovery": 0.98,
      "auth_success": 0.98,
      "bit_accuracy": 0.999625,
      "capsule_recovery": 0.9997,
      "f3_unknown_rate": 0.23776483516483515,
      "f3_reports_per_image": 5.728,
      "gt_coverage_retained": 0.9969548670451995,
      "predicted_area_retained": 1.0,
      "no_report_images": 0
    },
    {
      "attack_type": "inpainting",
      "sample_count": 250,
      "iou": 0.9563733892446082,
      "dice": 0.9774405443719563,
      "payload_recovery": 0.996,
      "auth_success": 0.996,
      "bit_accuracy": 0.999875,
      "capsule_recovery": 0.9999,
      "f3_unknown_rate": 0.2250056055056055,
      "f3_reports_per_image": 6.168,
      "gt_coverage_retained": 0.9963829971647082,
      "predicted_area_retained": 1.0,
      "no_report_images": 0
    },
    {
      "attack_type": "local_replacement",
      "sample_count": 250,
      "iou": 0.9584663060091503,
      "dice": 0.978317979633065,
      "payload_recovery": 0.976,
      "auth_success": 0.976,
      "bit_accuracy": 0.9995625,
      "capsule_recovery": 0.9996,
      "f3_unknown_rate": 0.24715264735264733,
      "f3_reports_per_image": 5.764,
      "gt_coverage_retained": 0.9968771256769379,
      "predicted_area_retained": 1.0,
      "no_report_images": 0
    },
    {
      "attack_type": "local_style_edit",
      "sample_count": 250,
      "iou": 0.9561937835403138,
      "dice": 0.9773425006801327,
      "payload_recovery": 0.984,
      "auth_success": 0.984,
      "bit_accuracy": 0.9996875,
      "capsule_recovery": 0.9996,
      "f3_unknown_rate": 0.21034423354423354,
      "f3_reports_per_image": 6.072,
      "gt_coverage_retained": 0.9961398659518457,
      "predicted_area_retained": 1.0,
      "no_report_images": 0
    }
  ]
}