attack_type,sample_count,iou,dice,payload_recovery,auth_success,bit_accuracy,capsule_recovery,f3_unknown_rate,f3_reports_per_image,gt_coverage_retained,predicted_area_retained,no_report_images
object_removal,250,0.9582643886524301,0.9782132696514875,0.98,0.98,0.999625,0.9997,0.23776483516483515,5.728,0.9969548670451995,1.0,0
inpainting,250,0.9563733892446082,0.9774405443719563,0.996,0.996,0.999875,0.9999,0.2250056055056055,6.168,0.9963829971647082,1.0,0
local_replacement,250,0.9584663060091503,0.978317979633065,0.976,0.976,0.9995625,0.9996,0.24715264735264733,5.764,0.9968771256769379,1.0,0
local_style_edit,250,0.9561937835403138,0.9773425006801327,0.984,0.984,0.9996875,0.9996,0.21034423354423354,6.072,0.9961398659518457,1.0,0
